TABLE_NAME	INDEX_NAME	COLUMN_NAME	SEQ_IN_INDEX
access_parking_charge_rule	uk_tenant_lot_type	tenant_id	1
access_parking_charge_rule	uk_tenant_lot_type	lot_id	2
access_parking_charge_rule	uk_tenant_lot_type	vehicle_type	3
access_parking_lot	uk_code	code	1
ibms_channel	uk_code_tenant	tenant_id	1
ibms_channel	uk_code_tenant	code	2
ibms_device	uk_device_code_tenant	tenant_id	1
ibms_device	uk_device_code_tenant	device_code	2
ibms_discovered_device	uk_ip_discovery_time	ip_address	1
ibms_discovered_device	uk_ip_discovery_time	discovery_time	2
ibms_discovered_device	uk_ip_discovery_time	deleted	3
ibms_energy_meter	uk_meter_code	meter_code	1
ibms_energy_meter	uk_meter_code	tenant_id	2
ibms_energy_statistics_daily	uk_meter_date	meter_id	1
ibms_energy_statistics_daily	uk_meter_date	stat_date	2
ibms_env_sensor	uk_sensor_code	sensor_code	1
ibms_env_sensor	uk_sensor_code	tenant_id	2
ibms_hvac_device	uk_device_code	device_code	1
ibms_hvac_device	uk_device_code	tenant_id	2
ibms_lighting_circuit	uk_circuit_code	circuit_code	1
ibms_lighting_circuit	uk_circuit_code	tenant_id	2
ibms_lighting_controller	uk_controller_code	controller_code	1
ibms_lighting_controller	uk_controller_code	tenant_id	2
ibms_lighting_gateway	uk_gateway_code	gateway_code	1
ibms_lighting_gateway	uk_gateway_code	tenant_id	2
ibms_lighting_scene	uk_scene_code	scene_code	1
ibms_lighting_scene	uk_scene_code	tenant_id	2
ibms_product	uk_product_code	product_code	1
ibms_product_property	uk_product_prop_name	product_id	1
ibms_product_property	uk_product_prop_name	prop_name	2
ibms_space	uk_space_code_tenant	tenant_id	1
ibms_space	uk_space_code_tenant	space_code	2
ibms_water_device	uk_device_code	device_code	1
ibms_water_device	uk_device_code	tenant_id	2
iot_access_device_capability	uk_device_id	device_id	1
iot_access_device_capability	uk_device_id	deleted	2
iot_access_permission_group_device	uk_group_device_channel	group_id	1
iot_access_permission_group_device	uk_group_device_channel	device_id	2
iot_access_permission_group_device	uk_group_device_channel	channel_id	3
iot_access_permission_group_device	uk_group_device_channel	deleted	4
iot_access_permission_group_person	uk_group_person	group_id	1
iot_access_permission_group_person	uk_group_person	person_id	2
iot_access_person	uk_person_code	person_code	1
iot_access_person	uk_person_code	tenant_id	2
iot_access_person	uk_person_code	deleted	3
iot_access_person_credential	uk_card_no	card_no	1
iot_access_person_credential	uk_card_no	tenant_id	2
iot_access_person_credential	uk_card_no	deleted	3
iot_access_person_device_auth	uk_person_device_channel	person_id	1
iot_access_person_device_auth	uk_person_device_channel	device_id	2
iot_access_person_device_auth	uk_person_device_channel	channel_id	3
iot_access_person_device_auth	uk_person_device_channel	tenant_id	4
iot_access_person_device_auth	uk_person_device_channel	deleted	5
iot_alarm_event_dict	uk_event_code	event_code	1
iot_alarm_partition	uk_host_partition	host_id	1
iot_alarm_partition	uk_host_partition	partition_no	2
iot_alarm_partition	uk_host_partition	deleted	3
iot_alarm_statistics	uk_stat	tenant_id	1
iot_alarm_statistics	uk_stat	stat_date	2
iot_alarm_statistics	uk_stat	channel_id	3
iot_alarm_statistics	uk_stat	event_code	4
iot_alarm_zone	uk_host_zone	host_id	1
iot_alarm_zone	uk_host_zone	zone_no	2
iot_camera_preset	uk_channel_preset_no	channel_id	1
iot_camera_preset	uk_channel_preset_no	preset_no	2
iot_camera_preset	uk_channel_preset_no	tenant_id	3
iot_cloud_defense_area	uk_cloud_defense_area_code	area_code	1
iot_cloud_defense_area	uk_cloud_defense_area_code	deleted	2
iot_cloud_defense_area_device_rel	uk_cloud_defense_area_device	area_id	1
iot_cloud_defense_area_device_rel	uk_cloud_defense_area_device	device_id	2
iot_cloud_defense_area_device_rel	uk_cloud_defense_area_device	channel_id	3
iot_cloud_defense_area_device_rel	uk_cloud_defense_area_device	deleted	4
iot_cloud_defense_mode	uk_cloud_defense_mode_code	mode_code	1
iot_cloud_defense_mode	uk_cloud_defense_mode_code	deleted	2
iot_cloud_defense_point	uk_cloud_defense_point_code	point_code	1
iot_cloud_defense_point	uk_cloud_defense_point_code	deleted	2
iot_detong_daily_report	uk_station_date	station_code	1
iot_detong_daily_report	uk_station_date	report_date	2
iot_detong_region	uk_region_code	region_code	1
iot_detong_station	uk_station_code	station_code	1
iot_device_channel	uk_device_channel	device_id	1
iot_device_channel	uk_device_channel	channel_no	2
iot_device_channel	uk_device_channel	deleted	3
iot_device_channel	uk_device_channel	tenant_id	4
iot_device_modbus_config	uk_device_id	device_id	1
iot_epatrol_plan	uk_plan_code_tenant	plan_code	1
iot_epatrol_plan	uk_plan_code_tenant	tenant_id	2
iot_epatrol_point	uk_point_no_tenant	point_no	1
iot_epatrol_point	uk_point_no_tenant	tenant_id	2
iot_epatrol_task	uk_task_code_tenant	task_code	1
iot_epatrol_task	uk_task_code_tenant	tenant_id	2
iot_factory_collab_batch_device	uk_factory_collab_batch_device	tenant_id	1
iot_factory_collab_batch_device	uk_factory_collab_batch_device	batch_trace_id	2
iot_factory_collab_batch_device	uk_factory_collab_batch_device	device_code	3
iot_factory_collab_batch_device	uk_factory_collab_batch_device	operation_name	4
iot_factory_collab_batch_device	uk_factory_collab_batch_device	record_time	5
iot_factory_collab_batch_device	uk_factory_collab_batch_device	deleted	6
iot_factory_collab_batch_environment	uk_factory_collab_batch_env	tenant_id	1
iot_factory_collab_batch_environment	uk_factory_collab_batch_env	batch_trace_id	2
iot_factory_collab_batch_environment	uk_factory_collab_batch_env	record_time	3
iot_factory_collab_batch_environment	uk_factory_collab_batch_env	clean_level	4
iot_factory_collab_batch_environment	uk_factory_collab_batch_env	deleted	5
iot_factory_collab_batch_material	uk_factory_collab_batch_material	tenant_id	1
iot_factory_collab_batch_material	uk_factory_collab_batch_material	batch_trace_id	2
iot_factory_collab_batch_material	uk_factory_collab_batch_material	material_code	3
iot_factory_collab_batch_material	uk_factory_collab_batch_material	material_batch_no	4
iot_factory_collab_batch_material	uk_factory_collab_batch_material	record_time	5
iot_factory_collab_batch_material	uk_factory_collab_batch_material	deleted	6
iot_factory_collab_batch_personnel	uk_factory_collab_batch_personnel	tenant_id	1
iot_factory_collab_batch_personnel	uk_factory_collab_batch_personnel	batch_trace_id	2
iot_factory_collab_batch_personnel	uk_factory_collab_batch_personnel	staff_name	3
iot_factory_collab_batch_personnel	uk_factory_collab_batch_personnel	operation_name	4
iot_factory_collab_batch_personnel	uk_factory_collab_batch_personnel	record_time	5
iot_factory_collab_batch_personnel	uk_factory_collab_batch_personnel	deleted	6
iot_factory_collab_batch_quality	uk_factory_collab_batch_quality	tenant_id	1
iot_factory_collab_batch_quality	uk_factory_collab_batch_quality	batch_trace_id	2
iot_factory_collab_batch_quality	uk_factory_collab_batch_quality	sample_name	3
iot_factory_collab_batch_quality	uk_factory_collab_batch_quality	inspection_item	4
iot_factory_collab_batch_quality	uk_factory_collab_batch_quality	record_time	5
iot_factory_collab_batch_quality	uk_factory_collab_batch_quality	deleted	6
iot_factory_collab_batch_trace	uk_factory_collab_batch_code	batch_code	1
iot_factory_collab_batch_trace	uk_factory_collab_batch_code	deleted	2
iot_factory_collab_carbon_record	uk_factory_collab_carbon_record	tenant_id	1
iot_factory_collab_carbon_record	uk_factory_collab_carbon_record	source_name	2
iot_factory_collab_carbon_record	uk_factory_collab_carbon_record	source_type	3
iot_factory_collab_carbon_record	uk_factory_collab_carbon_record	stat_date	4
iot_factory_collab_carbon_record	uk_factory_collab_carbon_record	deleted	5
iot_factory_collab_carbon_target	uk_factory_collab_target_year	tenant_id	1
iot_factory_collab_carbon_target	uk_factory_collab_target_year	target_year	2
iot_factory_collab_carbon_target	uk_factory_collab_target_year	deleted	3
iot_factory_collab_carbon_trade	uk_factory_collab_trade_code	trade_code	1
iot_factory_collab_carbon_trade	uk_factory_collab_trade_code	deleted	2
iot_factory_collab_device	uk_factory_collab_device_code	device_code	1
iot_factory_collab_device	uk_factory_collab_device_code	deleted	2
iot_factory_collab_energy_reading	uk_factory_collab_energy_slot	tenant_id	1
iot_factory_collab_energy_reading	uk_factory_collab_energy_slot	energy_type	2
iot_factory_collab_energy_reading	uk_factory_collab_energy_slot	area_name	3
iot_factory_collab_energy_reading	uk_factory_collab_energy_slot	device_name	4
iot_factory_collab_energy_reading	uk_factory_collab_energy_slot	stat_time	5
iot_factory_collab_energy_reading	uk_factory_collab_energy_slot	deleted	6
iot_factory_collab_maintenance_order	uk_factory_collab_order_code	order_code	1
iot_factory_collab_maintenance_order	uk_factory_collab_order_code	deleted	2
iot_factory_collab_production_plan	uk_factory_collab_plan_code	plan_code	1
iot_factory_collab_production_plan	uk_factory_collab_plan_code	deleted	2
iot_factory_compliance_batch_trace	uk_factory_compliance_batch_trace	tenant_id	1
iot_factory_compliance_batch_trace	uk_factory_compliance_batch_trace	batch_code	2
iot_factory_compliance_batch_trace	uk_factory_compliance_batch_trace	deleted	3
iot_factory_compliance_env_point	uk_factory_compliance_env_point	tenant_id	1
iot_factory_compliance_env_point	uk_factory_compliance_env_point	region_name	2
iot_factory_compliance_env_point	uk_factory_compliance_env_point	point_name	3
iot_factory_compliance_env_point	uk_factory_compliance_env_point	deleted	4
iot_factory_compliance_gmp_point	uk_factory_compliance_gmp_point	tenant_id	1
iot_factory_compliance_gmp_point	uk_factory_compliance_gmp_point	point_name	2
iot_factory_compliance_gmp_point	uk_factory_compliance_gmp_point	deleted	3
iot_factory_environmental_alert	uk_factory_environmental_alert_event	tenant_id	1
iot_factory_environmental_alert	uk_factory_environmental_alert_event	point_id	2
iot_factory_environmental_alert	uk_factory_environmental_alert_event	alert_title	3
iot_factory_environmental_alert	uk_factory_environmental_alert_event	happened_at	4
iot_factory_environmental_alert	uk_factory_environmental_alert_event	deleted	5
iot_factory_environmental_point	uk_factory_environmental_point_code	point_code	1
iot_factory_environmental_point	uk_factory_environmental_point_code	deleted	2
iot_factory_environmental_reading	uk_factory_environmental_reading_slot	tenant_id	1
iot_factory_environmental_reading	uk_factory_environmental_reading_slot	point_id	2
iot_factory_environmental_reading	uk_factory_environmental_reading_slot	recorded_at	3
iot_factory_environmental_reading	uk_factory_environmental_reading_slot	deleted	4
iot_factory_report_record	uk_factory_report_record_name	tenant_id	1
iot_factory_report_record	uk_factory_report_record_name	report_name	2
iot_factory_report_record	uk_factory_report_record_name	deleted	3
iot_factory_report_template	uk_factory_report_template_code	tenant_id	1
iot_factory_report_template	uk_factory_report_template_code	template_code	2
iot_factory_report_template	uk_factory_report_template_code	deleted	3
iot_hydrology_daily_stat	uk_station_date	station_id	1
iot_hydrology_daily_stat	uk_station_date	stat_date	2
iot_hydrology_region	uk_region_code	region_code	1
iot_hydrology_region	uk_region_code	deleted	2
iot_hydrology_station	uk_station_code	station_code	1
iot_hydrology_station	uk_station_code	deleted	2
iot_job_type_definition	uk_code	code	1
iot_keding_device	uk_station_code	station_code	1
iot_keding_device	uk_station_code	deleted	2
iot_message_idempotent	uk_message_id_topic	message_id	1
iot_message_idempotent	uk_message_id_topic	topic	2
iot_message_idempotent	uk_message_id_topic	deleted	3
iot_parking_wechat_user	uk_openid	openid	1
iot_parking_wechat_user	uk_openid	deleted	2
iot_parking_wechat_user	uk_username	username	1
iot_parking_wechat_user	uk_username	deleted	2
iot_patrol_plan	uk_plan_code	plan_code	1
iot_patrol_plan	uk_plan_code	deleted	2
iot_patrol_plan	uk_plan_code	tenant_id	3
iot_patrol_point	uk_point_code	point_code	1
iot_patrol_point	uk_point_code	deleted	2
iot_patrol_point	uk_point_code	tenant_id	3
iot_patrol_route	uk_route_code	route_code	1
iot_patrol_route	uk_route_code	deleted	2
iot_patrol_route	uk_route_code	tenant_id	3
iot_service_config	uk_product_service	product_key	1
iot_service_config	uk_product_service	service_identifier	2
iot_service_config	uk_product_service	deleted	3
iot_subsystem	uk_code	code	1
iot_subsystem	uk_code	deleted	2
iot_ui_component_template	uk_component_type	component_type	1
iot_video_patrol_plan	uk_plan_code	plan_code	1
iot_video_patrol_plan	uk_plan_code	deleted	2
iot_video_patrol_plan	uk_plan_code	tenant_id	3
iot_video_patrol_point	uk_point_code	point_code	1
iot_video_patrol_point	uk_point_code	deleted	2
iot_video_patrol_point	uk_point_code	tenant_id	3
iot_video_patrol_task	uk_task_code	task_code	1
iot_video_patrol_task	uk_task_code	deleted	2
iot_video_patrol_task	uk_task_code	tenant_id	3
security_face_capture	uk_capture_no	capture_no	1
security_statistics	uk_stat_date_hour_type	stat_date	1
security_statistics	uk_stat_date_hour_type	stat_hour	2
security_statistics	uk_stat_date_hour_type	stat_type	3
security_statistics	uk_stat_date_hour_type	tenant_id	4
security_vehicle_capture	uk_capture_no	capture_no	1
security_video_analysis_alarm	uk_alarm_no	alarm_no	1
